名称,営業日,住所,アクセス
月あかり 酒菜の隠れ家 秦野駅前店,月～木: 16:00～23:00 （料理L.O. 22:00 ドリンクL.O. 22:30）金: 16:00～翌0:00 （料理L.O. 23:00 ドリンクL.O. 23:30）土: 12:00～翌0:00 （料理L.O. 23:00 ドリンクL.O. 23:30）日、祝日: 12:00～23:00 （料理L.O. 22:00 ドリンクL.O. 22:30）,神奈川県秦野市今川町１-２　ポレスター秦野１Ｆ,小田急小田原線秦野駅北口徒歩1分☆アクセス抜群♪
炭火焼き鶏 食ダイニング 秦野店,月～日、祝日、祝前日: 16:00～翌0:00 （料理L.O. 23:00 ドリンクL.O. 23:30）,神奈川県秦野市尾尻932-19 ,秦野駅徒歩30秒（小田急線秦野駅南口ロータリー内）
405 chip'n'dip California,火～日: 16:00～翌0:00 （料理L.O. 23:00 ドリンクL.O. 23:30）,神奈川県秦野市大秦町1－8　すみれビル１F,秦野駅から徒歩1分　北口ロータリー隣接
六方 じんのすけ,月～木、祝前日: 17:00～23:00 （料理L.O. 22:00 ドリンクL.O. 22:30）金: 17:00～翌0:00 （料理L.O. 23:00 ドリンクL.O. 23:30）土: 16:00～23:00 （料理L.O. 22:00 ドリンクL.O. 22:30）祝日: 16:00～22:00 （料理L.O. 21:00 ドリンクL.O. 21:30）,神奈川県秦野市大秦町1-4 鈴よしビル2F,小田急線「秦野」駅北口 徒歩1分<松屋さん２F>【じんのすけ３大名物あり！　熟成白身刺し・鶏もも焼き・鯛だし茶漬け】
手羽だるま 秦野駅前店,月～日: 16:00～23:30 （料理L.O. 23:00 ドリンクL.O. 23:00）,神奈川県秦野市本町２-1-31,「秦野駅」より徒歩3分
スマイリ商店 カラアゲ部,火～日、祝日、祝前日: 17:00～翌0:00 （料理L.O. 23:00 ドリンクL.O. 23:00）,神奈川県秦野市尾尻931-1YKビル3階,秦野駅から徒歩1分 南口ロータリー隣接
手づくり料理の和風居酒屋 ささ,火～木: 17:00～21:30 （料理L.O. 20:30 ドリンクL.O. 21:00）金: 17:00～22:30 （料理L.O. 21:30 ドリンクL.O. 22:00）土: 16:30～22:30 （料理L.O. 21:30 ドリンクL.O. 22:00）祝日: 17:00～21:00祝前日: 17:00～22:30 （料理L.O. 22:00 ドリンクL.O. 22:30）,神奈川県秦野市大秦町１－８ すみれビルB1,小田急線秦野駅北口から徒歩1分です。駅の階段を下りると、案内の看板があります。
焼肉 しま,月～水: 17:00～22:00 （料理L.O. 21:30 ドリンクL.O. 21:30）金～日: 11:00～14:30 （料理L.O. 14:00 ドリンクL.O. 14:00）17:00～22:00 （料理L.O. 21:45 ドリンクL.O. 21:45）,神奈川県秦野市本町１丁目1-6,小田急電鉄 『秦野駅』 北口から徒歩3分　秦野駅から197m
居酒屋　鹿の子 秦野駅前店,月、水～日、祝日、祝前日: 16:00～22:00 （料理L.O. 21:00 ドリンクL.O. 21:00）,神奈川県秦野市本町２-2-2,秦野駅から徒歩5分
居酒屋 まる,月、火、木～日、祝日、祝前日: 14:00～23:00 （料理L.O. 22:00 ドリンクL.O. 22:30）,神奈川県秦野市大秦町1-5 ソーケン秦野駅前ビル 5階,小田急小田原線秦野駅より徒歩1分
みどりやファーム,月～日: 10:00～15:00 （料理L.O. 14:00 ドリンクL.O. 14:00）,神奈川県秦野市落合833-3,秦野駅北口より神奈川中央バス（27番）で上落合バス停約18分/上落合バス停より徒歩約1分
